分類,食材,原産地,Wikipedia,学名,英名,ゲノムサイズ,染色体数,遺伝子数,完全・不完全,配列数,ゲノム解読主体,年度,ジャーナル,論文,タイトル,PMID,Taxonomy ID,主データベース,TogoGenome,KNApSAcK,Lunchbox,Ensembl,プレスリリース等,有名化合物,特徴等
穀物,米 (日本晴),インド・中国（日本）,https://ja.wikipedia.org/wiki/米,Oryza sativa japonica,Japanese rice,389Mb,2n=24,37544,95%,,国際イネゲノム塩基配列解読プロジェクト,2005,Nature,http://www.nature.com/nature/journal/v436/n7052/full/nature03895.html,The map-based sequence of the rice genome,16100779,39947,http://rapdb.dna.affrc.go.jp/,http://togogenome.org/organism/39947,http://kanaya.naist.jp/knapsack_jsp/result.jsp?sname=organism&word=Oryza%20sativa,http://kanaya.naist.jp/LunchBox/list.jsp?lword=Oryza%20sativa,,https://www.ncbi.nlm.nih.gov/pmc/articles/PMC4958085/,,
穀物,└ 米 (コシヒカリ),（日本）,https://ja.wikipedia.org/wiki/コシヒカリ,Oryza sativa L. cv. Koshihikari,,,,,,,農業生物資源研究所,2010,BMC Genomics,https://www.ncbi.nlm.nih.gov/pubmed/20423466,Fine definition of the pedigree haplotypes of closely related rice cultivars by means of genome-wide discovery of single-nucleotide polymorphisms,20423466,39947,http://integbio.jp/dbcatalog/record/nbdc00949,http://togogenome.org/organism/39947,http://kanaya.naist.jp/knapsack_jsp/result.jsp?sname=organism&word=Oryza%20sativa,http://kanaya.naist.jp/LunchBox/list.jsp?lword=Oryza%20sativa,,http://www.nias.affrc.go.jp/seika/nias/h22/nias02201.htm,,いもち病は日本のイネの主要な病害の一つである。陸稲（おかぼ）品種はいもち病に強い遺伝子（pi21）を持っていることが知られていた。しかし、従来の品種改良でpi21を導入すると、イネの味が悪くなる問題があった。ゲノム情報を活用することによって、pi21と味を落とす遺伝子の染色体上での位置関係を明らかにし、この問題を解決した良食味といもち病耐性を兼ね備えた新しい品種（ともほなみ）を育成することができた。http://www.nias.affrc.go.jp/rice10/info.html
穀物,└ 米 (ヒトメボレ),（日本）,,Oryza sativa Japonica Group cv. Hitomebore,,,,,WGS,,岩手生物工学研究センター,2012,,,,,39947,,http://togogenome.org/organism/39947,http://kanaya.naist.jp/knapsack_jsp/result.jsp?sname=organism&word=Oryza%20sativa,http://kanaya.naist.jp/LunchBox/list.jsp?lword=Oryza%20sativa,,http://www.ddbj.nig.ac.jp/whatsnew/wn111228-j.html,,
穀物,└ 黒米 (紫黒米),（日本）,https://ja.wikipedia.org/wiki/黒米,Oryza sativa L. (複数),black rice,,,,,,農業生物資源研究所,2015,Plant Cell,https://www.ncbi.nlm.nih.gov/pubmed/26362607,The Birth of a Black Rice Gene and Its Local Spread by Introgression,26362607,39947,,http://togogenome.org/organism/39947,http://kanaya.naist.jp/knapsack_jsp/result.jsp?sname=organism&word=Oryza%20sativa,http://kanaya.naist.jp/LunchBox/list.jsp?lword=Oryza%20sativa,,http://www.nias.affrc.go.jp/press/2015/20150914/,,"紫黒米品種の黒米形質（お米が黒くなる性質）のメカニズムが、Kala4（カーラ４）遺伝子の変異であることを特定しました。Kala4遺伝子は、イネのさまざまな場所で働き、米粒ではアントシアニンをつくるための複数の遺伝子を働かせることが分かりました。紫黒米の起源は、イネが栽培化された後、熱帯ジャポニカ種で起こった突然変異であることが分かりました。Kala4遺伝子のお米を黒くするために必要な制御配列（約5,000塩基対）のみを、白いお米の品種に導入することで、既存の品種を紫黒米にすることが可能になります。"
穀物,└ 酒米 (雄町),（日本）,https://ja.wikipedia.org/wiki/雄町,Oryza sativa L. cv. Omachi,brewer's rice,,,,,,東京農業大学,2011,Plant Cell Physiol.,https://www.ncbi.nlm.nih.gov/pubmed/21258067,Discovery of genome-wide DNA polymorphisms in a landrace cultivar of Japonica rice by whole-genome sequencing.,21258067,39947,http://www.nodai-genome.org/oryza_sativa.html?lang=en,http://togogenome.org/organism/39947,http://kanaya.naist.jp/knapsack_jsp/result.jsp?sname=organism&word=Oryza%20sativa,http://kanaya.naist.jp/LunchBox/list.jsp?lword=Oryza%20sativa,,http://www.nodai.ac.jp/hojin/press/images/20110202.pdf,,
穀物,蕎麦,中国,https://ja.wikipedia.org/wiki/蕎麦,Fagopyrum esculentum Moench,buckwheat,1.2Gb,2n=16,35816,draft,"387,594 scaffolds",京大、石川県立大学、かずさDNA、農研機構、新潟薬科大学,2016,DNA Resarch,http://dnaresearch.oxfordjournals.org/content/23/3/215,Assembly of the draft genome of buckwheat and its applications in identifying agronomically useful genes,27037832,3617,http://buckwheat.kazusa.or.jp/,N/A,http://kanaya.naist.jp/knapsack_jsp/result.jsp?sname=organism&word=Fagopyrum%20esculentum,http://kanaya.naist.jp/LunchBox/list.jsp?lword=Fagopyrum%20esculentum,,http://www.kyoto-u.ac.jp/ja/research/research_results/2015/160331_1.html,,"35,816遺伝子にアノテーションし、アナフィラキシーショックに関連するFag e 2タンパク質をコードする遺伝子とその他のアレルゲン性が予測される遺伝子がゲノム中の特定個所に集中して存在することを発見しました。また蕎麦麺に新たな食感を与えると予想されるモチ性に関わる遺伝子、蕎麦粉の品質に関連するプロアントシアニジン合成に関わる遺伝子、およびソバの収量安定性に関わる自家不和合性を制御すると推定される遺伝子など、ソバの育種に極めて重要な情報を一挙に明らかにすることができました。"
穀物,トウモロコシ,中央アメリカ,https://ja.wikipedia.org/wiki/トウモロコシ,Zea mays,maize,2.3Gb,2n=20,32000,,,,2009,Science,https://www.ncbi.nlm.nih.gov/pubmed/19965430,"The B73 maize genome: complexity, diversity, and dynamics",19965430,4577,https://www.maizegdb.org/,http://togogenome.org/organism/4577,http://kanaya.naist.jp/knapsack_jsp/result.jsp?sname=organism&word=Zea%20mays,http://kanaya.naist.jp/LunchBox/list.jsp?lword=Zea%20mays,,http://www.nature.com/news/2009/091119/full/news.2009.1098.html,ルテイン,
穀物,モロコシ (コーリャン),熱帯アフリカ（エチオピア）,https://ja.wikipedia.org/wiki/モロコシ,Sorghum bicolor,sorghum,730Mb,2n=20,33000,,,,2009,Nature,https://www.ncbi.nlm.nih.gov/pubmed/19189423,The Sorghum bicolor genome and the diversification of grasses,19189423,4558,,http://togogenome.org/organism/4558,http://kanaya.naist.jp/knapsack_jsp/result.jsp?sname=organism&word=Sorghum%20bicolor,http://kanaya.naist.jp/LunchBox/list.jsp?lword=Sorghum%20bicolor,,,,
穀物,コムギ,西アジア（コーカサス〜メソポタミア）,https://ja.wikipedia.org/wiki/コムギ,Triticum aestivum,bread wheat,17Gb,6n=42 (異質6倍体),124201,,,,2014,Science,https://www.ncbi.nlm.nih.gov/pubmed/25035500,A chromosome-based draft sequence of the hexaploid bread wheat (Triticum aestivum) genome,25035500,4565,http://www.wheatgenome.info/wheat_genome_databases.php,N/A,http://kanaya.naist.jp/knapsack_jsp/result.jsp?sname=organism&word=Triticum%20aestivum,http://kanaya.naist.jp/LunchBox/list.jsp?lword=Triticum%20aestivum,,,,
穀物,オオムギ,中央アジア（イラク）,https://ja.wikipedia.org/wiki/オオムギ,Hordeum vulgare,barley,5.1Gb,2n=14,26159,,,国際オオムギゲノムコンソーシアム,2012,Nature,http://www.nature.com/nature/journal/v491/n7426/full/nature11543.html,"A physical, genetic and functional sequence assembly of the barley genome",23075845,4513,http://pgsb.helmholtz-muenchen.de/plant/barley/,N/A,http://kanaya.naist.jp/knapsack_jsp/result.jsp?sname=organism&word=Hordeum%20vulgare,N/A,,,,
穀物,アワ,中央アジア・インド・中国（諸説あり→https://katosei.jsbba.or.jp/view_html.php?aid=733）,https://ja.wikipedia.org/wiki/アワ,Setaria italica,foxtail millet,400Mb,2n=18,26937,80%,,,2012,Nat Biotechnol,https://www.ncbi.nlm.nih.gov/pubmed/22580951,Reference genome sequence of the model plant Setaria,22580951,4555,http://foxtailmillet.genomics.org.cn/page/species/index.jsp,N/A,http://kanaya.naist.jp/knapsack_jsp/result.jsp?sname=organism&word=Setaria%20italica,http://kanaya.naist.jp/LunchBox/list.jsp?lword=Setaria%20italica,,,,
穀物,ゴマ,アフリカ（サバンナ・スーダン）→3500BCインドで栽培,https://ja.wikipedia.org/wiki/ゴマ,Sesamum indicum,sesame,274Mb,2n=26,27148,,,中国,2014,Genome Biol,https://www.ncbi.nlm.nih.gov/pubmed/24576357,Genome sequencing of the high oil crop sesame provides insight into oil biosynthesis,24576357,4182,http://ocri-genomics.org/Sinbase/,http://togogenome.org/organism/4182,http://kanaya.naist.jp/knapsack_jsp/result.jsp?sname=organism&word=Sesamum%20indicum,http://kanaya.naist.jp/LunchBox/list.jsp?lword=Sesamum%20indicum,,,,
穀物,キヌア,南アメリカ（アンデス）,https://ja.wikipedia.org/wiki/キヌア,Chenopodium quinoa,quinoa,1.5Gb,異質4倍体,62512,1.1Gb/1.5Gb,,かずさDNA研究所,2016,DNA Resarch,https://academic.oup.com/dnaresearch/article/23/6/535/2647444,"Draft genome sequence of an inbred line of Chenopodium quinoa, an allotetraploid crop with great environmental adaptability and outstanding nutritional properties",27458999,63459,http://quinoa.kazusa.or.jp,,,,,http://www.ddbj.nig.ac.jp/whatsnew/wn16072802-j.html,,https://www.kazusa.or.jp/j/information/re_info/2016/0726.html
穀物,アマランサス,南アメリカ（アステカ・マヤ・インカ）,https://ja.wikipedia.org/wiki/アマランサス,Amaranthus hypochondriacus,amaranthus,466Mb,2n=32,24829,draft,,,2014,DNA Resarch,https://www.ncbi.nlm.nih.gov/pmc/articles/PMC4263292/,The Draft Genome and Transcriptome of Amaranthus hypochondriacus: A C4 Dicot Producing High-Lysine Edible Pseudo-Cereal,25071079,28502,,,,,,,,
穀物,トウジンビエ（ヒエ）,アフリカおよびインド,https://ja.wikipedia.org/wiki/トウジンビエ,Cenchrus americanus (L.) Morrone,Pearl millet,1.79Gb,,38579,,,,2017,Nat Biotechnol,https://www.ncbi.nlm.nih.gov/pubmed/28922347,Pearl millet genome sequence provides a resource to improve agronomic traits in arid environments,28922347,4543,,,,,,,,
豆類,ダイズ,中国・東アジア,https://ja.wikipedia.org/wiki/ダイズ,Glycine max,soy bean,1.1Gb,2n=40,46430,,,理研,2010,Nature,http://www.nature.com/nature/journal/v463/n7278/full/nature08670.html,Genome sequence of the palaeopolyploid soybean,20075913,3847,,http://togogenome.org/organism/3847,http://kanaya.naist.jp/knapsack_jsp/result.jsp?sname=organism&word=Glycine%20max,http://kanaya.naist.jp/LunchBox/list.jsp?lword=Glycine%20max,,,イソフラボン,"およそ5,900万年前と1,300万年前にゲノムの重複が起こっており、その結果、遺伝子の75%近くが複数のコピーをもつ非常に重複の多いゲノムとなっている。"
豆類,└ 国産大豆 (エンレイ),（日本）,,Glycine max cv. Enrei,,,,,,,農業生物資源研究所,2015,,,,,,http://www.nias.affrc.go.jp/genome/daizu/,,,,,http://www.ddbj.nig.ac.jp/whatsnew/wn150721-j.html,,
豆類,小豆,東アジア,https://ja.wikipedia.org/wiki/アズキ,Vigna angularis,adzuki bean,540Mb,,30507,95%,,農業生物資源研究所,2015,Scientific Reports,http://www.nature.com/articles/srep16780,The power of single molecule real-time sequencing technology in the de novo assembly of a eukaryotic genome,26616024,3914,,N/A,http://kanaya.naist.jp/knapsack_jsp/result.jsp?sname=organism&word=Vigna%20angularis,http://kanaya.naist.jp/LunchBox/list.jsp?lword=Vigna%20angularis,,http://www.nias.affrc.go.jp/press/2015/20151127/,アントシアニン,http://www.ddbj.nig.ac.jp/whatsnew/wn151209-j.html
豆類,ヒヨコマメ,中央アジア・西アジア,https://ja.wikipedia.org/wiki/ヒヨコマメ,Cicer arietinum,chick pea,738Mb,16,28269,,,,2013,Nat Biotechnol,https://www.ncbi.nlm.nih.gov/pubmed/23354103,Draft genome sequence of chickpea (Cicer arietinum) provides a resource for trait improvement,23354103,3827,,http://togogenome.org/organism/3827,http://kanaya.naist.jp/knapsack_jsp/result.jsp?sname=organism&word=Cicer%20arietinum,http://kanaya.naist.jp/LunchBox/list.jsp?lword=Cicer%20arietinum,,,,
豆類,インゲンマメ,中央アメリカ,https://ja.wikipedia.org/wiki/インゲンマメ,Phaseolus vulgaris,common bean,587Mb,22,27197,,,,2014,Nat Genet,http://www.nature.com/ng/journal/v46/n7/full/ng.3008.html,A reference genome for common bean and genome-wide analysis of dual domestications,24908249,3885,,http://togogenome.org/organism/3885,http://kanaya.naist.jp/knapsack_jsp/result.jsp?sname=organism&word=Phaseolus%20vulgaris,http://kanaya.naist.jp/LunchBox/list.jsp?lword=Phaseolus%20vulgaris,,,,
豆類,キマメ,インド,https://ja.wikipedia.org/wiki/キマメ,Cajanus cajan,pigeon pea,833Mb,22,48680,,,,2011,Nature,http://www.nature.com/nbt/journal/v30/n1/full/nbt.2022.html,"Draft genome sequence of pigeonpea (Cajanus cajan), an orphan legume crop of resource-poor farmers",22057054,3821,,N/A,http://kanaya.naist.jp/knapsack_jsp/result.jsp?sname=organism&word=Cajanus%20cajan,N/A,,,,
豆類,ミドリマメ、リョクトウ (モヤシ、春雨等),インド,https://ja.wikipedia.org/wiki/リョクトウ,Vigna radiata,mung bean,579Mb,22,22427,,,,2014,Nat Commun,https://www.ncbi.nlm.nih.gov/pubmed/25384727,Genome sequence of mungbean and insights into evolution within Vigna species,25384727,157791,,N/A,http://kanaya.naist.jp/knapsack_jsp/result.jsp?sname=organism&word=Vigna%20radiata,http://kanaya.naist.jp/LunchBox/list.jsp?lword=Vigna%20radiata,,,,
豆類,ピーナッツ (落花生),南アメリカ（アンデス）,https://ja.wikipedia.org/wiki/ラッカセイ,Arachis hypogaea,peanut,2.7Gb,20,,,,,2016,Nat Genet,http://www.nature.com/ng/journal/v48/n4/full/ng.3517.html,"The genome sequences of Arachis duranensis and Arachis ipaensis, the diploid ancestors of cultivated peanut",26901068,3818,,N/A,http://kanaya.naist.jp/knapsack_jsp/result.jsp?sname=organism&word=Arachis%20hypogaea,http://kanaya.naist.jp/LunchBox/list.jsp?lword=Arachis%20hypogaea,,,,
豆類,クルミ,西アジア・ヨーロッパ南西部,https://ja.wikipedia.org/wiki/クルミ,Juglans regia,walnut,,,,,,,2016,Plant J,https://www.ncbi.nlm.nih.gov/pubmed/27145194,The walnut (Juglans regia) genome sequence reveals diversity in genes coding for the biosynthesis of non-structural polyphenols,27145194,51240,,,,,,,,
豆類,アーモンド,西アジア,https://ja.wikipedia.org/wiki/アーモンド,Prunus dulcis ,almond,,,,draft,,,2016,,,,,3755,http://prodinra.inra.fr/?locale=en#!ConsultNotice:358334,,,,,https://pag.confex.com/pag/xxiv/webprogram/Paper18793.html,,https://www.ddbj.nig.ac.jp/news/ja/190617.html
芋類,ジャガイモ,南アメリカ（アンデス）,https://ja.wikipedia.org/wiki/ジャガイモ,Solanum tuberosum,potato,844Mb,4n=48 (4倍体),39031,86%,,,2011,Nature,https://www.ncbi.nlm.nih.gov/pubmed/21743474,Genome sequence and analysis of the tuber crop potato,21743474,4113,,N/A,http://kanaya.naist.jp/knapsack_jsp/result.jsp?sname=organism&word=Solanum%20tuberosum,http://kanaya.naist.jp/LunchBox/list.jsp?lword=Solanum%20tuberosum,,,,
芋類,キャッサバ,南アメリカ（ブラジル・パラグアイ）,https://ja.wikipedia.org/wiki/キャッサバ,Manihot esculenta,cassava,746Mb,36,,,,,2014,Nat Commun,http://www.nature.com/articles/ncomms6110,Cassava genome from a wild ancestor to cultivated varieties,25300236,3983,http://www.plantgdb.org/MeGDB/,N/A,http://kanaya.naist.jp/knapsack_jsp/result.jsp?sname=organism&word=Manihot%20esculenta,N/A,,http://agrinasia.com/archives/2237,,世界では8億人がキャッサバを主食としている。まだ、経済的に重要な病気抵抗性や品質、栽培特性などに関連した遺伝子を見出すには至っていない。
芋類,サツマイモ（近縁種）,中央アメリカ（メキシコ）,,Ipomoea trifida,sweet potato,513-712Mb,,,,,かずさDNA研究所,2015,DNA Research,https://academic.oup.com/dnaresearch/article/22/2/171/333025/Survey-of-genome-sequences-in-a-wild-sweet-potato,"Survey of genome sequences in a wild sweet potato, Ipomoea trifida (H. B. K.) G. Don",25805887,,,,,,,http://www.ddbj.nig.ac.jp/whatsnew/wn1504013-j.html,,http://www.kazusa.or.jp/j/information/re_info/2015/0325.html
芋類,└サツマイモ,中央アメリカ（メキシコ）,https://ja.wikipedia.org/wiki/サツマイモ,Ipomoea batatas,,,,,,,近畿大学,2018,,,,,,,,,,,https://www.ddbj.nig.ac.jp/news/ja/181009_2.html,,
芋類,ヤムイモ,アフリカ,https://ja.wikipedia.org/wiki/ヤム,Dioscorea rotundata,white Guinea yam,594Mb,,,,,,2017,BMC Biol,https://www.ncbi.nlm.nih.gov/pubmed/28927400,Genome sequencing of the staple food crop white Guinea yam enables the development of a molecular marker for sex determination,28927400,55577,,,,,,,,
野菜,トウガラシ,中央アメリカ（メキシコ）,https://ja.wikipedia.org/wiki/トウガラシ,Capsicum annuum cv. CM334,chili pepper,3.48Gb,2n=24,34903,,,韓国,2014,Nat Genet,http://www.nature.com/ng/journal/v46/n3/full/ng.2877.html,Genome sequence of the hot pepper provides insights into the evolution of pungency in Capsicum species,24441736,4072,,N/A,http://kanaya.naist.jp/knapsack_jsp/result.jsp?sname=organism&word=Capsicum%20annuum,http://kanaya.naist.jp/LunchBox/list.jsp?lword=Capsicum%20annuum,,,カプサイシン,トマトのゲノムサイズの4倍 (GypsyとCaulimoviridae family elementsが集積)。Integrative genomic and transcriptomic analyses suggested that change in gene expression and neofunctionalization of capsaicin synthase have shaped capsaicinoid biosynthesis. カプサイシン合成酵素の遺伝子発現や新規機能獲得によりカプサイシン関連化合物 (capsaicinoid) の生合成ができたのでは。
野菜,トマト,南アメリカ（アンデス）,https://ja.wikipedia.org/wiki/トマト,Solanum pennellii,tomato,1.2Gb,2n=24,32273,,,,2014,Nature,http://www.nature.com/ng/journal/v46/n9/full/ng.3046.html,The genome of the stress-tolerant wild tomato species Solanum pennellii,25064008,4081,,http://togogenome.org/organism/4081,http://kanaya.naist.jp/knapsack_jsp/result.jsp?sname=organism&word=Solanum%20pennellii,N/A,,http://www.ddbj.nig.ac.jp/ddbjnew/mag/mag71-j.html#02,リコピン,Solanum pennellii は、南米のアンデス山脈地方に固有のトマト野生種で、乾燥した生息地でもうまく成長するように進化した。その類いまれなストレス耐性と風変わりな形態のために栽培トマト Solanum lycopersicum に対する重要な遺伝資源のドナーとなっている。 … さらなるトマトの品種改良のための、また S. pennellii の遺伝資源で改良しうる無数の他の農学的な形質の根底にある機構を解釈するための新たな道を開くものである。
野菜,ナス,インド東部,https://ja.wikipedia.org/wiki/ナス,Solanum melongena,egg plant,833Mb,2n=24,85446,74%,,かずさDNA研究所,2014,DNA Res,http://dnaresearch.oxfordjournals.org/content/early/2014/09/16/dnares.dsu027.long,Draft Genome Sequence of Eggplant (Solanum melongena L.): the Representative Solanum Species Indigenous to the Old World,25233906,4111,http://eggplant.kazusa.or.jp/,N/A,http://kanaya.naist.jp/knapsack_jsp/result.jsp?sname=organism&word=Solanum%20melongena,http://kanaya.naist.jp/LunchBox/list.jsp?lword=Solanum%20melongena,,http://www.ddbj.nig.ac.jp/whatsnew/wn140918-j.html,アントシアニン,
野菜,キュウリ,インド北部（ヒマラヤ山麓）,https://ja.wikipedia.org/wiki/キュウリ,Cucumis sativus,cucumber,243.5Mb,2n=14,26682,,,,2009,Nat Genet,https://www.ncbi.nlm.nih.gov/pubmed/19881527,"The genome of the cucumber, Cucumis sativus L",19881527,3659,,http://togogenome.org/organism/3659,http://kanaya.naist.jp/knapsack_jsp/result.jsp?sname=organism&word=Cucumis%20sativus,http://kanaya.naist.jp/LunchBox/list.jsp?lword=Cucumis%20sativus,,,,
野菜,ハクサイ,中国（原種は地中海沿岸由来）,https://ja.wikipedia.org/wiki/ハクサイ,Brassica rapa,field mustard,283.8Mb,2n=20,41174,,,中国・韓国,2011,Nat Genet,https://www.ncbi.nlm.nih.gov/pubmed/21873998,The genome of the mesopolyploid crop species Brassica rapa,21873998,3711,,http://togogenome.org/organism/3711,http://kanaya.naist.jp/knapsack_jsp/result.jsp?sname=organism&word=Brassica%20rapa,http://kanaya.naist.jp/LunchBox/list.jsp?lword=Brassica%20rapa,,,,
野菜,└ カブ,ヨーロッパ、中央アジア（アフガニスタン）,https://ja.wikipedia.org/wiki/カブ,Brassica rapa subsp. rapa,turnip,,,,,,,,,,,,3711,,http://togogenome.org/organism/3711,http://kanaya.naist.jp/knapsack_jsp/result.jsp?sname=organism&word=Brassica%20rapa,http://kanaya.naist.jp/LunchBox/list.jsp?lword=Brassica%20rapa,,,,
野菜,└ チンゲンサイ,中国,https://ja.wikipedia.org/wiki/チンゲンサイ,Brassica rapa var. chinensis,,,,,,,,,,,,,3711,,http://togogenome.org/organism/3711,http://kanaya.naist.jp/knapsack_jsp/result.jsp?sname=organism&word=Brassica%20rapa,http://kanaya.naist.jp/LunchBox/list.jsp?lword=Brassica%20rapa,,,,
野菜,└ 水菜・野沢菜,日本,https://ja.wikipedia.org/wiki/ミズナ,Brassica rapa var. laciniifolia,,,,,,,,,,,,,3711,,http://togogenome.org/organism/3711,http://kanaya.naist.jp/knapsack_jsp/result.jsp?sname=organism&word=Brassica%20rapa,http://kanaya.naist.jp/LunchBox/list.jsp?lword=Brassica%20rapa,,,,
野菜,キャベツ,ヨーロッパ,https://ja.wikipedia.org/wiki/キャベツ,Brassica oleracea var. capitata,cabbage,630Mb,2n=18,45758,,,,2014,Nat Commun,http://www.nature.com/articles/ncomms4930,The Brassica oleracea genome reveals the asymmetrical evolution of polyploid genomes,24852848,3716,,N/A,http://kanaya.naist.jp/knapsack_jsp/result.jsp?sname=organism&word=Brassica%20oleracea,http://kanaya.naist.jp/LunchBox/list.jsp?lword=Brassica%20oleracea,,,,
野菜,└ ブロッコリー・カリフラワー,ヨーロッパ,https://ja.wikipedia.org/wiki/ブロッコリー,Brassica oleracea var. italica,,,,,,,,,,,,,3716,,,http://kanaya.naist.jp/knapsack_jsp/result.jsp?sname=organism&word=Brassica%20oleracea,http://kanaya.naist.jp/LunchBox/list.jsp?lword=Brassica%20oleracea,,,,
野菜,ハス (レンコン),インド・中国→日本で食用に,https://ja.wikipedia.org/wiki/レンコン,Nelumbo nucifera,sacred lotus,929Mb,,26685,,,,2013,Genome Biol,https://www.ncbi.nlm.nih.gov/pubmed/23663246,Genome of the long-living sacred lotus (Nelumbo nucifera Gaertn.),23663246,4432,,N/A,http://kanaya.naist.jp/knapsack_jsp/result.jsp?sname=organism&word=Nelumbo%20nucifera,http://kanaya.naist.jp/LunchBox/list.jsp?lword=Nelumbo%20nucifera,,,,
野菜,ニンジン,中央アジア・南アジア（アフガニスタン）,https://ja.wikipedia.org/wiki/ニンジン,Daucus carota subsp. sativus,carrot,473Mb,,26320,90%,,,2016,Nat Genet,http://www.nature.com/ng/journal/v48/n6/full/ng.3565.html,A high-quality carrot genome assembly provides new insights into carotenoid accumulation and asterid genome evolution,27158781,79200,,N/A,http://kanaya.naist.jp/knapsack_jsp/result.jsp?sname=organism&word=Daucus%20carota,http://kanaya.naist.jp/LunchBox/list.jsp?lword=Daucus%20carota,,,βカロチン,
野菜,タケノコ (孟宗竹),中国,https://ja.wikipedia.org/wiki/モウソウチク,Phyllostachys heterocycla f. pubescens,bamboo,2.05Gb,2n=48,31987,95%,,,2013,Nat Genet,http://www.nature.com/ng/journal/v45/n4/full/ng.2569.html,The draft genome of the fast-growing non-timber forest species moso bamboo (Phyllostachys heterocycla),23435089,38705,,N/A,,,,,,
野菜,カラシナ (和芥子),中国,https://ja.wikipedia.org/wiki/カラシナ,Brassica juncea,mustard,922 Mb,2n=16 (B. nigra) + 2n=20 (B. rapa),80050,85%,,,2016,Nat Genet,http://www.nature.com/ng/journal/v48/n10/full/ng.3657.html,The genome sequence of allopolyploid Brassica juncea and analysis of differential homoeolog gene expression influencing selection,27595476,3707,,N/A,http://kanaya.naist.jp/knapsack_jsp/result.jsp?sname=organism&word=Brassica%20juncea,http://kanaya.naist.jp/LunchBox/list.jsp?lword=Brassica%20juncea,,,,
野菜,ダイコン、ラディッシュ,地中海〜中東,https://ja.wikipedia.org/wiki/ダイコン,Raphanus sativus,radish,,,,draft,,東北大学、かずさDNA研究所,2014,,,,,3726,ftp://ftp.kazusa.or.jp/pub/radish/,N/A,http://kanaya.naist.jp/knapsack_jsp/result.jsp?sname=organism&word=Raphanus%20sativus,http://kanaya.naist.jp/LunchBox/list.jsp?lword=Raphanus%20sativus,,https://www.tohoku.ac.jp/japanese/2014/05/press20140514-01.html,,http://www.ddbj.nig.ac.jp/whatsnew/wn140606-j.html
野菜,└ アオクビダイコン,（日本）,https://ja.wikipedia.org/wiki/青首大根,Raphanus sativus cv. Aokubi,,,,,,,東京農業大学,2015,,,,,3726,,,http://kanaya.naist.jp/knapsack_jsp/result.jsp?sname=organism&word=Raphanus%20sativus,http://kanaya.naist.jp/LunchBox/list.jsp?lword=Raphanus%20sativus,,http://www.ddbj.nig.ac.jp/whatsnew/wn150610-j.html,,
野菜,アスパラガス,地中海東部,https://ja.wikipedia.org/wiki/アスパラガス,Asparagus officinalis,asparagus,,,,,,,2014,PLoS One,http://journals.plos.org/plosone/article?id=10.1371/journal.pone.0097189,Analysis of Transposable Elements in the Genome of Asparagus officinalis from High Coverage Sequence Data,24810432,4686,,,,,,,,
野菜,ヒョウタン（ユウガオ）,アフリカ,https://ja.wikipedia.org/wiki/ヒョウタン,Lagenaria siceraria,bottle gourd,313.4Mb,,,,,,2017,Plant J,https://www.ncbi.nlm.nih.gov/pubmed/28940759,The bottle gourd genome provides insights into Cucurbitaceae evolution and facilitates mapping of a Papaya ringspot virus resistance locus,28940759,3668,,,,,,,,
野菜,ほうれん草,中央アジア・西アジア,https://ja.wikipedia.org/wiki/ホウレンソウ,Spinacia oleracea,spinach,,2n=12,25495,,,,2017,Nat. Commun.,https://www.ncbi.nlm.nih.gov/pubmed/28537264,Draft genome of spinach and transcriptome diversity of 120 Spinacia accessions,28537264,3562,,,,,,,,
野菜,タマネギ,中央アジア,https://ja.wikipedia.org/wiki/タマネギ,Allium cepa,onion,16Gb,,,draft (14.9/16Gb),,SEQUON project,2017,,,,,4679,,,,,,https://dovetailgenomics.com/wp-content/uploads/2017/01/Onion-Case-Study_Final2.compressed.pdf,,https://figshare.com/articles/SEQUON_Sequencing_the_Onion_Genome/1294945
野菜,カボチャ,中央アメリカ（メキシコ・グアテマラ）,https://ja.wikipedia.org/wiki/カボチャ,Cucurbita maxima,pumpkin,,,32076,,,,2017,Mol. Plant,http://www.cell.com/molecular-plant/abstract/S1674-2052(17)30266-6,Karyotype stability and unbiased fractionation in the paleo-allotetraploid Cucurbita genomes,28917590,3661,,,,,,,,
野菜,ゴーヤ,東インド・東南アジア,https://ja.wikipedia.org/wiki/ツルレイシ,Momordica charantia,bitter melon,,,,,,信州大学,2016,,,,,3673,,,,,,http://www.ddbj.nig.ac.jp/whatsnew/wn16122802-j.html,,
野菜,バジル,インド・熱帯アジア,https://ja.wikipedia.org/wiki/バジル,Ocimum basilicum,basil,2.13Gb,,,draft,,,2018,bioRxiv,https://www.biorxiv.org/content/10.1101/476044v1.full,High-quality assembly of sweet basil genome,,39350,,,,,,,,
野菜,サトウキビ,ニューギニア,https://ja.wikipedia.org/wiki/サトウキビ,Saccharum officinarum,sugarcane,382Mb,,25316,,,,2018,Nature Communications,https://www.nature.com/articles/s41467-018-05051-5,A mosaic monoploid reference sequence for the highly complex genome of sugarcane,29980662,4547,https://sugarcane-genome.cirad.fr,,,,,https://sugarcane-genome.cirad.fr,,
野菜,アボカド,メキシコ・中央アメリカ,https://ja.wikipedia.org/wiki/アボカド,Persea americana,avocado,,,22441,draft?,,,2019,PNAS,https://www.pnas.org/content/116/34/17081,"The avocado genome informs deep angiosperm phylogeny, highlights introgressive hybridization, and reveals pathogen-influenced gene space adaptation",26268848,3435,,,,,,https://www.sciencedaily.com/releases/2019/08/190806131446.htm,,https://pag.confex.com/pag/xxi/webprogram/Paper8425.html
野菜,セロリ（シード）,ヨーロッパ,https://ja.wikipedia.org/wiki/セロリ,Apium graveolens var. dulce,celery,3.18Gb,2n=22,,,,,2018,Database,https://academic.oup.com/database/article/doi/10.1093/database/bay070/5051103,CeleryDB: a genomic database for celery,29992323,4045,http://apiaceae.njau.edu.cn/celerydb,,,,,,,
野菜,アーティチョーク,地中海沿岸,https://ja.wikipedia.org/wiki/アーティチョーク,Cynara cardunculus L. var. scolymus,globe artichoke,725Mb,2n=34,26906,draft,,,2017,Scientific Reports,https://www.nature.com/articles/s41598-017-05085-7,Genome reconstruction in Cynara cardunculus taxa gains access to chromosome-scale DNA variation,28717205,4265,http://www.artichokegenome.unito.it,,,,,,,
野菜,モロヘイヤ,北アフリカ,https://ja.wikipedia.org/wiki/シマツナソ,Corchorus olitorius,jute,377.3Mb,,57087,draft,,,2017,Genomics Data,https://www.sciencedirect.com/science/article/pii/S2213596017300545,The draft genome of Corchorus olitorius cv. JRO-524 (Navin),28540183,93759,,,,,,,,
野菜,ズッキーニ,未特定（メキシコ？）,https://ja.wikipedia.org/wiki/ズッキーニ,Cucurbita pepo,zucchini,263Mb,,34240,draft,,,2018,Plant Biotechnology Journal,https://onlinelibrary.wiley.com/doi/full/10.1111/pbi.12860,De novo assembly of the zucchini genome reveals a whole‐genome duplication associated with the origin of the Cucurbita genus,29112324,3663,http://cucurbitgenomics.org/,,,,,,,
果物,イチゴ,南アメリカ（チリ種）＋北アメリカ（バージニア種）,https://ja.wikipedia.org/wiki/イチゴ,Fragaria x ananassa,strawberry,,,,,,かずさDNA研究所,2013,,,,,3747,,,,,,http://www.ddbj.nig.ac.jp/whatsnew/wn131128-j.html,,http://www.kazusa.or.jp/j/information/news20131127.html
果物,モモ,中国,https://ja.wikipedia.org/wiki/モモ,Prunus persica,peach,265Mb,,27852,,,,2013,Nat Genet,https://www.ncbi.nlm.nih.gov/pubmed/23525075,"The high-quality draft genome of peach (Prunus persica) identifies unique patterns of genetic diversity, domestication and genome evolution",23525075,3760,,N/A,http://kanaya.naist.jp/knapsack_jsp/result.jsp?sname=organism&word=Prunus%20persica,http://kanaya.naist.jp/LunchBox/list.jsp?lword=Prunus%20persica,,,,
果物,ウメ（アンズ）,中国,https://ja.wikipedia.org/wiki/ウメ,Prunus mume,Japanese apricot,280Mb,,31390,,,,2012,Nat Commun,https://www.ncbi.nlm.nih.gov/pubmed/23271652,The genome of Prunus mume,23271652,102107,,http://togogenome.org/organism/102107,http://kanaya.naist.jp/knapsack_jsp/result.jsp?sname=organism&word=Prunus%20mume,http://kanaya.naist.jp/LunchBox/list.jsp?lword=Prunus%20mume,,,,
果物,リンゴ,ヨーロッパ（北コーカサス）,https://ja.wikipedia.org/wiki/リンゴ,Malus domestica,apple,742.3Mb,,57386,81.30%,,,2010,Nat Genet,https://www.ncbi.nlm.nih.gov/pubmed/20802477,The genome of the domesticated apple (Malus × domestica Borkh.),20802477,3750,,http://togogenome.org/organism/3750,http://kanaya.naist.jp/knapsack_jsp/result.jsp?sname=organism&word=Malus%20domestica,N/A,,,,
果物,チュウゴクナシ,中国,https://ja.wikipedia.org/wiki/チュウゴクナシ,Pyrus x bretschneideri,Chinese white pear,512Mb,,42812,97.10%,,,2013,Genome Res,https://www.ncbi.nlm.nih.gov/pubmed/23149293,The genome of the pear (Pyrus bretschneideri Rehd.),23149293,225117,,N/A,N/A,N/A,,,,
果物,バレンシアオレンジ,インド（品種作出はアメリカ）,https://ja.wikipedia.org/wiki/バレンシアオレンジ,Citrus sinensis,Valencia orange,367Mb,,29445,87.30%,,,2013,Nat Genet,http://www.nature.com/ng/journal/v45/n1/full/ng.2472.html,The draft genome of sweet orange (Citrus sinensis),23179022,2711,,http://togogenome.org/organism/2711,http://kanaya.naist.jp/knapsack_jsp/result.jsp?sname=organism&word=Citrus%20sinensis,http://kanaya.naist.jp/LunchBox/list.jsp?lword=Citrus%20sinensis,,,,
果物,マンダリンオレンジ,インド,https://ja.wikipedia.org/wiki/マンダリンオレンジ,Citrus clementina,mandarin orange,301Mb,,25000,,,,2014,Nat Biotechnol,http://www.nature.com/nbt/journal/v32/n7/full/nbt.2906.html,"Sequencing of diverse mandarin, pummelo and orange genomes reveals complex history of admixture during citrus domestication",24908277,85681,,N/A,N/A,http://kanaya.naist.jp/LunchBox/list.jsp?lword=Citrus%20clementina,,,,
果物,ワイルドストロベリー,ヨーロッパ・北アメリカ,https://en.wikipedia.org/wiki/Fragaria_vesca,Fragaria vesca,woodland strawberry,240Mb,,34809,,,,2011,Nat Genet,https://www.ncbi.nlm.nih.gov/pubmed/21186353,The genome of woodland strawberry (Fragaria vesca),21186353,57918,,N/A,http://kanaya.naist.jp/knapsack_jsp/result.jsp?sname=organism&word=Fragaria%20vesca,N/A,,,,
果物,マスクメロン,インド（品種作出はイギリス）,https://ja.wikipedia.org/wiki/マスクメロン,Cucumis melo,muskmelon,375Mb,2n=24,27427,,,,2012,PNAS,https://www.ncbi.nlm.nih.gov/pubmed/22753475,The genome of melon (Cucumis melo L.),22753475,3656,,N/A,http://kanaya.naist.jp/knapsack_jsp/result.jsp?sname=organism&word=Cucumis%20melo,http://kanaya.naist.jp/LunchBox/list.jsp?lword=Cucumis%20melo,,,,
果物,ブルーベリー,北アメリカ,https://ja.wikipedia.org/wiki/ブルーベリー,Vaccinium angustifolium,wild blueberry,600Mb,,63840,,,,2015,GigaScience,https://gigascience.biomedcentral.com/articles/10.1186/s13742-015-0046-9,"RNA-Seq analysis and annotation of a draft blueberry genome assembly identifies candidate genes involved in fruit ripening, biosynthesis of bioactive compounds, and stage-specific alternative splicing",25830017,3656,,N/A,http://kanaya.naist.jp/knapsack_jsp/result.jsp?sname=organism&word=Vaccinium%20angustifolium,N/A,,,アントシアニン,
果物,クランベリー,北アメリカ,https://ja.wikipedia.org/wiki/クランベリー,Vaccinium macrocarpon Ait.,cranberry,470Mb,,36364,82-85.5%,,,2015,BMC Plant Biology,http://bmcplantbiol.biomedcentral.com/articles/10.1186/1471-2229-14-165,The American cranberry: first insights into the whole genome of a species adapted to bog habitat,24927653,472369,,N/A,http://kanaya.naist.jp/knapsack_jsp/result.jsp?sname=organism&word=Vaccinium%20macrocarpon,N/A,,,,
果物,キーウィ,中国（品種作出はニュージーランド）,https://ja.wikipedia.org/wiki/キウイフルーツ,Actinidia chinensis,kiwi,616Mb,,39040,,,,2013,Nat Commun,http://www.nature.com/articles/ncomms3640,Draft genome of the kiwifruit Actinidia chinensis,24136039,3625,,N/A,http://kanaya.naist.jp/knapsack_jsp/result.jsp?sname=organism&word=Actinidia%20chinensis,http://kanaya.naist.jp/LunchBox/list.jsp?lword=Actinidia%20chinensis,,,,
果物,バナナ,東南アジア,https://ja.wikipedia.org/wiki/バナナ,Musa acuminata,wild Malaysian banana,523Mb,,36542,,,,2012,Nature,https://www.ncbi.nlm.nih.gov/pubmed/22801500,The banana (Musa acuminata) genome and the evolution of monocotyledonous plants,22801500,4641,,N/A,http://kanaya.naist.jp/knapsack_jsp/result.jsp?sname=organism&word=Musa%20acuminata,N/A,,,,
果物,ナツメヤシ (デーツ),北アフリカ・西南アジア,https://ja.wikipedia.org/wiki/ナツメヤシ,Phoenix dactylifera,date palm,671Mb,,41660,90%,,,2013,Nat Commun,https://www.ncbi.nlm.nih.gov/pubmed/23917264,Genome sequence of the date palm Phoenix dactylifera L,23917264,42345,,N/A,http://kanaya.naist.jp/knapsack_jsp/result.jsp?sname=organism&word=Phoenix%20dactylifera,http://kanaya.naist.jp/LunchBox/list.jsp?lword=Phoenix%20dactylifera,,,,
果物,パパイア,メキシコ・西インド諸島,https://ja.wikipedia.org/wiki/パパイア,Carica papaya,papaya,,,,draft,,JGI,2008,Nature,https://www.nature.com/nature/journal/v452/n7190/full/nature06856.html,The draft genome of the transgenic tropical fruit tree papaya (Carica papaya Linnaeus).,18432245,3649,,N/A,http://kanaya.naist.jp/knapsack_jsp/result.jsp?sname=organism&word=Carica%20papaya,http://kanaya.naist.jp/LunchBox/list.jsp?lword=Carica%20papaya,,,,https://phytozome.jgi.doe.gov/pz/portal.html#!info?alias=Org_Cpapaya
果物,スイカ,熱帯アフリカ,https://ja.wikipedia.org/wiki/スイカ,Citrullus lanatus,water melon,,,23440,draft,,,2013,Nat. Genetics,http://www.nature.com/ng/journal/v45/n1/full/ng.2470.html,The draft genome of watermelon (Citrullus lanatus) and resequencing of 20 diverse accessions,23179023,3654,,,,,,,,
果物,ドリアン,インド・マレーシア,https://ja.wikipedia.org/wiki/ドリアン,Durio zibethinus,durian,738-800Mb,2n=56,45335,,,,2017,Nat. Genetics,http://www.nature.com/ng/journal/vaop/ncurrent/full/ng.3972.html,The draft genome of tropical fruit durian (Durio zibethinus),28991254,66656,,,,,,,,
果物,オウトウ,中国,https://ja.wikipedia.org/wiki/モモ,Prunus avium,sweet cherry,352.9 Mb,,,77.80%,,かずさDNA研究所,2017,DNA Research,https://www.ncbi.nlm.nih.gov/pubmed/28541388,The genome sequence of sweet cherry (Prunus avium) for use in genomics-assisted breeding,28541388,42229,,,,,,http://www.ddbj.nig.ac.jp/whatsnew/wn170602-j.html,,
果物,イチジク,アラビア南部,https://ja.wikipedia.org/wiki/イチジク,Ficus carica,fig,,,,,,福岡県農業総合試験場,2017,,,,,3494,,,,,,http://www.ddbj.nig.ac.jp/whatsnew/wn170130-j.html,,
果物,ウンシュウミカン（宮川早生）,中国原産のキシュウミカン＋東南アジア原産のクネンボ（品種作出は鹿児島県）,https://ja.wikipedia.org/wiki/ウンシュウミカン,Citrus unshiu,Satsuma orange,,,,,,農研機構 果樹茶業研究部門,2017,,,,,55188,,,,,,http://www.ddbj.nig.ac.jp/whatsnew/wn171206-j.html,,
果物,シャインマスカット,,https://ja.wikipedia.org/wiki/シャインマスカット,,Shine muscat,490Mb,,,,,農研機構・かずさDNA研究所,2019,BioRxiv,DOI：10.1101/730762,"De novo whole-genome assembly in interspecific hybrid table grape, ‘Shine Muscat’.",,,https://plantgarden.jp/,,,,,http://www.kazusa.or.jp/cms/wp-content/uploads/2019/08/20190822.pdf,,
肉類,ウシ,ヨーロッパ,https://ja.wikipedia.org/wiki/ウシ,Bos taurus,cow,2.8Gb,60,22000,,"44,433 contigs",牛ゲノムコンソーシアム,2009,Science,http://science.sciencemag.org/content/324/5926/522,The Genome Sequence of Taurine Cattle: A Window to Ruminant Biology and Evolution,19390049,9913,https://www.hgsc.bcm.edu/other-mammals/bovine-genome-project,http://togogenome.org/organism/9913,http://kanaya.naist.jp/knapsack_jsp/result.jsp?sname=organism&word=Bos%20taurus,http://kanaya.naist.jp/LunchBox/list.jsp?lword=Bos%20taurus,,https://genomebiology.biomedcentral.com/articles/10.1186/gb-2009-10-4-r42,,
肉類,└ 和牛 (見島牛),（日本）,https://ja.wikipedia.org/wiki/見島牛,,,,,,,,,,,,,,9913,,http://togogenome.org/organism/9913,http://kanaya.naist.jp/knapsack_jsp/result.jsp?sname=organism&word=Bos%20taurus,http://kanaya.naist.jp/LunchBox/list.jsp?lword=Bos%20taurus,,,,
肉類,└ 和牛 (口之島牛),（日本）,https://ja.wikipedia.org/wiki/口之島牛,,,,,,,,東京農業大学,2013,Genomics,https://www.ncbi.nlm.nih.gov/pubmed/23938316,Abundant sequence divergence in the native Japanese cattle Mishima-Ushi (Bos taurus) detected using whole-genome sequencing,23938316,9913,http://www.nodai-genome.org/mishima.html?lang=en,http://togogenome.org/organism/9913,http://kanaya.naist.jp/knapsack_jsp/result.jsp?sname=organism&word=Bos%20taurus,http://kanaya.naist.jp/LunchBox/list.jsp?lword=Bos%20taurus,,http://www.nikkei.com/article/DGXNASGG0201U_Z00C11A3000000/,,https://www.jstage.jst.go.jp/article/tits/18/4/18_4_58/_pdf
肉類,└ 乳牛 (ホルスタイン),（オランダ）,https://ja.wikipedia.org/wiki/ホルスタイン,,,,,,,,,2011,BMC Genomics,https://www.ncbi.nlm.nih.gov/pubmed/22085807,Whole genome resequencing of black Angus and Holstein cattle for SNP and CNV discovery.,22085807,9913,,http://togogenome.org/organism/9913,http://kanaya.naist.jp/knapsack_jsp/result.jsp?sname=organism&word=Bos%20taurus,http://kanaya.naist.jp/LunchBox/list.jsp?lword=Bos%20taurus,,,,
肉類,ブタ,アジア・ヨーロッパ,https://ja.wikipedia.org/wiki/ブタ,Sus scrofa,pig,2.6Gb,38,21630,,"4,562 scaffolds",国際ブタゲノム解読コンソーシアム,2012,Nature,https://www.ncbi.nlm.nih.gov/pubmed/23151582,Analyses of pig genomes provide insight into porcine demography and evolution,23151582,9823,,http://togogenome.org/organism/9823,http://kanaya.naist.jp/knapsack_jsp/result.jsp?sname=organism&word=Sus%20scrofa,http://kanaya.naist.jp/LunchBox/list.jsp?lword=Sus%20scrofa,,,,
肉類,ヒツジ,アジア・ヨーロッパ,https://ja.wikipedia.org/wiki/ヒツジ,Ovis aries,sheep,2.61Gb,54,20921,,"5,697 sequences from 130,765 contigs",,2014,Science,https://www.ncbi.nlm.nih.gov/pubmed/24904168,The sheep genome illuminates biology of the rumen and lipid metabolism,24904168,9940,,http://togogenome.org/organism/9940,http://kanaya.naist.jp/knapsack_jsp/result.jsp?sname=organism&word=Ovis%20aries,http://kanaya.naist.jp/LunchBox/list.jsp?lword=Ovis%20aries,,,,脂質代謝に関連する遺伝子
肉類,ヤギ,西アジア,https://ja.wikipedia.org/wiki/ヤギ,Capra hircus,goat,2.66Gb,60,22175,,,,2013,Nat Biotechnol,https://www.ncbi.nlm.nih.gov/pubmed/23263233,Sequencing and automated whole-genome optical mapping of the genome of a domestic goat (Capra hircus),23263233,9925,,http://togogenome.org/organism/9925,N/A,N/A,,,,
肉類,ウマ,北アメリカ（１万年前に絶滅）→ヨーロッパ・アジア,https://ja.wikipedia.org/wiki/ウマ,Equus caballus,horse,2.7Gb,64,20322,,,,2009,Science,https://www.ncbi.nlm.nih.gov/pubmed/19892987,"Genome sequence, comparative analysis, and population genetics of the domestic horse",19892987,9796,,http://togogenome.org/organism/9796,N/A,http://kanaya.naist.jp/LunchBox/list.jsp?lword=Equus%20caballus,,,,
肉類,ミンククジラ,北半球,https://ja.wikipedia.org/wiki/ミンククジラ,Balaenoptera acutorostrata scammoni,minke whale,2.44Gb,44,20605,,,韓国・中国,2014,Nat Genet,https://www.ncbi.nlm.nih.gov/pubmed/24270359,Minke whale genome and aquatic adaptation in cetaceans,24270359,310752,,N/A,N/A,http://kanaya.naist.jp/LunchBox/list.jsp?lword=Balaenoptera%20acutorostrata,,,,
肉類,クロミンククジラ,南半球〜南極海,https://ja.wikipedia.org/wiki/クロミンククジラ,Balaenoptera bonaerensis,Antarctic minke whale,,,,,,京都大学,2015,,,,,33556,,,,,,http://www.ddbj.nig.ac.jp/whatsnew/wn150223-j.html,,
肉類,ニワトリ,東南アジア,https://ja.wikipedia.org/wiki/ニワトリ,Gallus gallus,chicken,1.28Gb,78,16362,,,国際ニワトリゲノムコンソーシアム,2004,Nature,http://www.nature.com/nature/journal/v432/n7018/full/nature03154.html,Sequence and comparative analysis of the chicken genome provide unique perspectives on vertebrate evolution,15592404,9031,,http://togogenome.org/organism/9031,http://kanaya.naist.jp/knapsack_jsp/result.jsp?sname=organism&word=Gallus%20gallus,N/A,,http://www.natureasia.com/ja-jp/nature/highlights/7167,,今日ヒトと鳥類が共有するのは、どちらにとっても役に立つ重要なDNA配列だけと考えられている。また配列の比較は、羽毛や翼、産卵などにかかわる鳥類特有の遺伝子の同定にも役立つはずである。ニワトリのゲノム配列がわかれば、胚の初期発生を進める重要な遺伝子の特定がしやすくなるだろう。また農業に重要な遺伝子の同定にも役立つので、養鶏農家は、より生産性が高く病気に強い品種をつくり出せるかもしれない。
肉類,ウズラ,中国・東アジア,https://ja.wikipedia.org/wiki/ウズラ,Coturnix japonica,Japanese quail,1.75Gb,78,30810,,,東京農業大学,"2013, 2016",Genomics,https://www.ncbi.nlm.nih.gov/pubmed/23557672,Next-generation sequencing reveals genomic features in the Japanese quail,23557672,93934,,N/A,N/A,http://kanaya.naist.jp/LunchBox/list.jsp?lword=Coturnix%20japonica,,http://www.ddbj.nig.ac.jp/whatsnew/wn160630-j.html,,
肉類,シチメンチョウ,北アメリカ,https://ja.wikipedia.org/wiki/シチメンチョウ,Meleagris gallopavo,turkey,1.1Gb,80,16000,,,,2010,PLoS Biol,https://www.ncbi.nlm.nih.gov/pubmed/20838655,Multi-platform next-generation sequencing of the domestic turkey (Meleagris gallopavo): genome assembly and analysis,20838655,9103,,http://togogenome.org/organism/9103,N/A,http://kanaya.naist.jp/LunchBox/list.jsp?lword=Meleagris%20gallopavo,,,,
肉類,マガモ,北半球,https://ja.wikipedia.org/wiki/マガモ,Anas platyrhynchos,mallard,1.1Gb,80,15065,,"78,487 scaffolds",,2013,Nat Genet,https://www.ncbi.nlm.nih.gov/pubmed/23749191,The duck genome and transcriptome provide insight into an avian influenza virus reservoir species,23749191,8839,,N/A,N/A,http://kanaya.naist.jp/LunchBox/list.jsp?lword=Anas%20platyrhynchos,,,,
肉類,スッポン,中国・東アジア,https://ja.wikipedia.org/wiki/スッポン,Pelodiscus sinensis,Chinese soft-shelled turtle,2.2Gb,66,,,,中国BGI,2013,Nat Genet,https://www.ncbi.nlm.nih.gov/pubmed/23624526,The draft genomes of soft-shell turtle and green sea turtle yield insights into the development and evolution of the turtle-specific body plan,23624526,13735,,N/A,N/A,http://kanaya.naist.jp/LunchBox/list.jsp?lword=Oryctolagus%20cuniculus,,,,
肉類,ウサギ,アルジェリア北部・モロッコ北部・スペイン・ポルトガル,https://ja.wikipedia.org/wiki/ウサギ,Oryctolagus cuniculus,rabbit,2.66Gb,,,,,Broad Institute,2009,,http://science.sciencemag.org/content/345/6200/1074,Rabbit genome analysis reveals a polygenic basis for phenotypic change during domestication,25170157,9986,,,,,,https://www.broadinstitute.org/rabbit/rabbit-genome-project,,http://genome.ucsc.edu/cgi-bin/hgGateway?db=oryCun2
魚介類,マダイ,北太平洋,https://ja.wikipedia.org/wiki/マダイ,Pagrus major,red seabream,,,,,,愛媛大学,2017,,,,,143350,,,,,,http://www.ddbj.nig.ac.jp/whatsnew/wn171225-j.html,,Pagrus major
魚介類,ブリ,北西太平洋,https://ja.wikipedia.org/wiki/ブリ,Seriola quinqueradiata,Japanese amberjack / yellowtail,,,,,,増養殖研究所,2017,,,,,8161,,,,,,http://www.ddbj.nig.ac.jp/whatsnew/wn170706-j.html,,https://www.ddbj.nig.ac.jp/news/ja/180713.html
魚介類,カンパチ,全世界暖海域（地中海・メキシコ湾・日本近海など）,https://ja.wikipedia.org/wiki/カンパチ,Seriola dumerili,greater amberjack,,,,,,増養殖研究所,2017,,,,,41447,,,,,,http://www.ddbj.nig.ac.jp/whatsnew/wn170807-j.html,,
魚介類,サケ,北大西洋,https://ja.wikipedia.org/wiki/タイセイヨウサケ,Salmo salar,Atlantic salmon,2.97Gb,2n=58,37206,,,,2016,Nature,https://www.ncbi.nlm.nih.gov/pubmed/27088604,The Atlantic salmon genome provides insights into rediploidization,27088604,8030,,N/A,N/A,http://kanaya.naist.jp/LunchBox/list.jsp?lword=Salmo%20salar,,,,8000万年前にサーモン特異的な4回目の脊椎動物の全ゲノム重複が起こった
魚介類,トラフグ,太平洋北西部・日本海・黄海・東シナ海,https://ja.wikipedia.org/wiki/トラフグ,Takifugu rubripes,torafugu,380Mb,2n=44,21344,,,,2002,Science,https://www.ncbi.nlm.nih.gov/pubmed/12142439,Whole-genome shotgun assembly and analysis of the genome of Fugu rubripes.,12142439,31033,,http://togogenome.org/organism/31033,N/A,http://kanaya.naist.jp/LunchBox/list.jsp?lword=Takifugu%20rubripes,,http://lifesciencedb.jp/dbsearch/Literature/get_pne_cgpdf.php?year=2004&number=4914&file=/jE5l50i44PLUSbRCeSGTpnqA==,,"フグゲノムはジャンクDNAが少なくイントロンも短いためゲノムサイズが380Mbp程度と脊椎動物では最も小さいながら、遺伝子数はヒトとほぼ同じ38,000（ここにシドニー・ブレナーが着目し、フグゲノムプロジェクトをたちあげた）。遺伝子の制御領域を含め、ヒトゲノムの解釈に役立つという期待。"
魚介類,クロマグロ,太平洋（熱帯・温帯海域）,https://ja.wikipedia.org/wiki/クロマグロ,Thunnus orientalis,Pacific bluefin tuna,800Mb,2n=46,26433,92.50%,"16,802 scaffolds",日本 中央水産研究所,2013,PNAS,http://www.pnas.org/content/110/27/11061.abstract,Evolutionary changes of multiple visual pigment genes in the complete genome of Pacific bluefin tuna,23781100,8238,,N/A,N/A,N/A,,http://www.ddbj.nig.ac.jp/whatsnew/wn130709-j.html,,青色を捉える rhodopsin (RH1) にアミノ酸レベルでの最適化
魚介類,ミナミマグロ,南半球（太平洋・インド洋・大西洋）,https://ja.wikipedia.org/wiki/ミナミマグロ,Thunnus maccoyii,southern bluefin tuna,795Mb,,,draft,,,2016,submitted,https://arxiv.org/abs/1607.03955,,,8240,,,,,,,,
魚介類,キハダマグロ,熱帯・亜熱帯海域（地中海以外）,https://ja.wikipedia.org/wiki/キハダ,Thunnus albacares,yellowfin tuna,836Mb,,,draft,,,2016,Genome Biol Evol.,https://www.ncbi.nlm.nih.gov/pmc/articles/PMC5408087/,Genomic differentiation and demographic histories of Atlantic and Indo-Pacific yellowfin tuna (Thunnus albacares) populations,28419285,8236,,,,,,https://pag.confex.com/pag/xxiii/webprogram/Paper17794.html,,
魚介類,タイセイヨウダラ,大西洋,https://ja.wikipedia.org/wiki/タイセイヨウダラ,Gadus morhua,Atlantic cod,830Mb,2n=46,22154,,,,2011,Nature,http://www.nature.com/nature/journal/v477/n7363/full/nature10342.html,The genome sequence of Atlantic cod reveals a unique immune system,21832995,8049,,N/A,N/A,http://kanaya.naist.jp/LunchBox/list.jsp?lword=Gadus%20morhua,,,,
魚介類,ニジマス,北太平洋（カムチャッカ〜北米〜メキシコ沿岸）,https://ja.wikipedia.org/wiki/ニジマス,Oncorhynchus mykiss,rainbow trout,1.9Gb,2n=60 (養殖用に3倍体も存在）,46585,,,,2014,Nat Commun,http://www.nature.com/articles/ncomms4657,The rainbow trout genome provides novel insights into evolution after whole-genome duplication in vertebrates,24755649,8022,,N/A,http://kanaya.naist.jp/knapsack_jsp/result.jsp?sname=organism&word=Oncorhynchus%20mykiss,http://kanaya.naist.jp/LunchBox/list.jsp?lword=Oncorhynchus%20mykiss,,,,
魚介類,ヒラメ,太平洋西部,https://ja.wikipedia.org/wiki/ヒラメ,Paralichthys olivaceus,Japanese flounder,546Mb,,21787,,,,2016,Nat Genet,http://www.nature.com/ng/journal/vaop/ncurrent/full/ng.3732.html,The genome and transcriptome of Japanese flounder provide insights into flatfish asymmetry,27918537,8255,,,,,,http://japan.busan.com/jp/news/sub2.asp?num=334,,
魚介類,ウナギ,東アジア,https://ja.wikipedia.org/wiki/ニホンウナギ,Anguilla japonica,Japanese eel,,,,1.15Gb,,東北区水産研究所,2012,,https://www.ncbi.nlm.nih.gov/pubmed/23026207,,,7937,,,,,,https://www.ddbj.nig.ac.jp/news/ja/wn180205.html,,https://www.ddbj.nig.ac.jp/news/ja/180918.html
魚介類,アメリカムラサキウニ,太平洋東岸,https://en.wikipedia.org/wiki/Strongylocentrotus_purpuratus,Strongylocentrotus purpuratus,purple sea urchin,800Mb,2n=20,23300,,,,2006,Science,https://www.ncbi.nlm.nih.gov/pubmed/17095691,The genome of the sea urchin Strongylocentrotus purpuratus.,17095691,7668,,N/A,N/A,N/A,,,,
魚介類,バフンウニ,東アジア沿岸,https://ja.wikipedia.org/wiki/バフンウニ,Hemicentrotus pulcherrimus,,800Mb,,25000,,,日本,2018,"Development, Growth & Differntiation",https://onlinelibrary.wiley.com/doi/full/10.1111/dgd.12429,"HpBase: A genome database of a sea urchin, Hemicentrotus pulcherrimus",29532461,7650,http://cell-innovation.nig.ac.jp/Hpul/,,,,,https://www.nig.ac.jp/nig/ja/2018/03/research-highlights_ja/20180316.html,,https://www.ddbj.nig.ac.jp/news/ja/180322.html
魚介類,マガキ,太平洋アジア沿岸,https://ja.wikipedia.org/wiki/マガキ,Crassostrea gigas,Pacific oyster,637Mb,2n=20,28027,,,,2012,Nature,https://www.ncbi.nlm.nih.gov/pubmed/22992520,The oyster genome reveals stress adaptation and complexity of shell formation,22992520,29159,,N/A,http://kanaya.naist.jp/knapsack_jsp/result.jsp?sname=organism&word=Crassostrea%20gigas,http://kanaya.naist.jp/LunchBox/list.jsp?lword=Crassostrea%20gigas,,,,
魚介類,タコ,全世界,https://ja.wikipedia.org/wiki/タコ,Octopus bimaculoides,octopus,2.7Gb,2n=56 or 60（ゲノム論文でわからず）,33638,83%,,,2015,Nature,http://www.nature.com/nature/journal/v524/n7564/full/nature14668.html,The octopus genome and the evolution of cephalopod neural and morphological novelties,26268193,37653,,N/A,N/A,N/A,,,,
魚介類,カサガイ,カリフォルニア沿岸,https://en.wikipedia.org/wiki/Lottia_gigantea,Lottia gigantea,owl limpet,348Mb,,23800,,,,2013,Nature,https://www.ncbi.nlm.nih.gov/pubmed/23254933,Insights into bilaterian evolution from three spiralian genomes,23254933,225164,,N/A,N/A,N/A,http://metazoa.ensembl.org/Lottia_gigantea/Info/Index,,,http://metazoa.ensembl.org/Lottia_gigantea/Info/Index
魚介類,アワビ,東アジア,https://ja.wikipedia.org/wiki/アワビ,Haliotis discus hannai,Japanese abalone,1.8Gb,,29449,,"35,450 scaffolds",韓国,2017,GigaScience,https://academic.oup.com/gigascience/article-lookup/doi/10.1093/gigascience/gix014,Genome sequence of pacific abalone (Haliotis discus hannai): the first draft genome in family Haliotidae,28327967,42344,,,,,,,,
魚介類,マナマコ（食用ナマコ）,北西太平洋,https://ja.wikipedia.org/wiki/マナマコ,Apostichopus japonicus,sea cucumber,820Mb,,21771,,,,2017,,https://www.ncbi.nlm.nih.gov/pubmed/28369350,,,307972,,,,,,,,
魚介類,ホタテガイ,北西太平洋,https://ja.wikipedia.org/wiki/ホタテガイ,Mizuhopecten yessoensis,Yesso scallop,,,24532,,,,2017,,https://www.ncbi.nlm.nih.gov/pubmed/28812685,,,6573,,,,,,,,
魚介類,チュウゴクモクズガニ（上海蟹）,長江,https://ja.wikipedia.org/wiki/チュウゴクモクズガニ,Eriocheir sinensis,Chinese mitten crab,1.66 Gb,,,67.5 %,,,2016,,https://www.ncbi.nlm.nih.gov/pubmed/26823974,,,95602,,,,,,,,
魚介類,カワヨシノボリ,アジア,https://ja.wikipedia.org/wiki/ヨシノボリ,Rhinogobius flumineus,freshwater gobies,,,,,,愛媛大学,2019,,,,,,,,,,,https://www.ddbj.nig.ac.jp/news/ja/190121.html,,
海藻類,スサビノリ（海苔）,東アジア,https://ja.wikipedia.org/wiki/スサビノリ,Pyropia yezoensis,,43Mb,n=3 (食用の時は半数体),10327,,,,2013,PLoS One,http://journals.plos.org/plosone/article?id=10.1371/journal.pone.0057122,"The First Symbiont-Free Genome Sequence of Marine Red Alga, Susabi-nori (Pyropia yezoensis)",23536760,2788,,N/A,N/A,N/A,,,,
海藻類,真昆布,日本,https://ja.wikipedia.org/wiki/マコンブ,Saccharina japonica,,545Mb,,18733,98%,,,2015,Nat. Commun.,https://www.ncbi.nlm.nih.gov/pmc/articles/PMC4421812/,Saccharina genomes provide novel insight into kelp biology,25908475,88149,,,,,,,,
海藻類,オキナワモズク,日本,https://ja.wikipedia.org/wiki/モズク,Cladosiphon okamuranus,,140Mb,,,,,沖縄科学技術大学院大学,2016,DNA Research,https://academic.oup.com/dnaresearch/article/23/6/561/2647449/A-draft-genome-of-the-brown-alga-Cladosiphon,"A draft genome of the brown alga, Cladosiphon okamuranus, S-strain: a platform for future studies of ‘mozuku’ biology",27501718,309737,,,,,,http://www.ddbj.nig.ac.jp/whatsnew/wn160818-j.html,フコダイン,https://www.oist.jp/ja/news-center/press-releases/26168
海藻類,海ぶどう,日本・東南アジア・オセアニア,https://ja.wikipedia.org/wiki/クビレズタ,Caulerpa lentillifera,siphonous green alga,26Mb,,9311,,,沖縄科学技術大学院大学,2019,DNA Research,https://academic.oup.com/dnaresearch/article/26/2/183/5419551,A siphonous macroalgal genome suggests convergent functions of homeobox genes in algae and land plants,30918953,148947,,,,,,https://www.oist.jp/ja/news-center/press-releases/33757,,
菌類,黒トリュフ,ヨーロッパ,https://ja.wikipedia.org/wiki/セイヨウショウロ,Tuber melanosporum Vittad.,truffle,125Mb,,7500,,,,2010,Nature,http://www.nature.com/nature/journal/v464/n7291/full/nature08867.html,Périgord black truffle genome uncovers evolutionary origins and mechanisms of symbiosis,20348908,39416,,N/A,N/A,N/A,,,,塩基配列が解読された菌類ゲノムとしては、最大かつ最も複雑なものである。そのゲノムには遺伝子が意外なほど少ないが、トランスポゾンとよばれる転位性遺伝因子が多数含まれている。→ 約125Mbp (うち約58%がtransposable elements)、遺伝子数は約7500しかない、炭水化物分解酵素が少ないが一部は植物の細胞壁分解に関わっている、リパーゼとmulticopper oxidasesをコードする遺伝子のupregulationは、外菌根共生におけるホストの細胞壁の分解を示唆する。共生により、炭水化物とアミノ酸のトランスポーターの発現がひきおこされる。
菌類,マツタケ,日本・東アジア・西アジア・北アフリカ・ヨーロッパ・北アメリカ,https://ja.wikipedia.org/wiki/マツタケ,Tricholoma matsutake,,131.7Mb,13,28202,,,近畿大学,2016,,,,,40145,http://forestgen.ffpri.affrc.go.jp/ja/,,,,,http://www.ddbj.nig.ac.jp/whatsnew/wn160506-j.html,,
菌類,マッシュルーム,ヨーロッパ,https://ja.wikipedia.org/wiki/マッシュルーム,Agaricus bisporus,,31.4Mb,,11271,,,,2012,PNAS,https://www.ncbi.nlm.nih.gov/pubmed/23045686,Genome sequence of the button mushroom Agaricus bisporus reveals mechanisms governing adaptation to a humic-rich ecological niche.,23045686,5341,,,,,,,,
菌類,シイタケ,日本・中国,https://ja.wikipedia.org/wiki/シイタケ,Lentinula edodes,,46.1Mb,,13028,,,岩手生物工学研究センター,2016,Journal of Biotechnology,http://www.sciencedirect.com/science/article/pii/S0168165616300840,"Whole genome de novo sequencing and genome annotation of the world popular cultivated edible mushroom, Lentinula edodes",26924240,5353,,,,,,http://www.ddbj.nig.ac.jp/whatsnew/wn170206-j.html,,
菌類,エノキタケ,特定不可,https://ja.wikipedia.org/wiki/エノキタケ,Flammulina velutipes,,35.2Mb,11,13843,,,,2016,,https://www.ncbi.nlm.nih.gov/pmc/articles/PMC4901223/,,,38945,,,,,,,,
菌類,マイタケ,不明（日本にも自生）,https://ja.wikipedia.org/wiki/マイタケ,Grifola frondosa,,33.8Mb,,16097,,,,2012,,http://ci.nii.ac.jp/els/contents110009555387.pdf?id=ART0010001063,,,5627,,,,,,,,
菌類,エリンギ,ヨーロッパ,https://ja.wikipedia.org/wiki/エリンギ,Pleurotus eryngii,,43.7Mb,,,,,,2016,,https://www.ncbi.nlm.nih.gov/pubmed/27737781,,,5323,,,,,,,,
菌類,ホンシメジ,（日本？）,https://ja.wikipedia.org/wiki/ホンシメジ,Lyophyllum shimeji,,,,,,,,2014,,,,,47721,,,,,,https://www.jstage.jst.go.jp/article/msj7abst/59/0/59_72/_pdf,,
菌類,ブナシメジ,（日本？）,https://ja.wikipedia.org/wiki/ブナシメジ,Hypsizygus marmoreus,,,,,,,近畿大学,2016,,,,,39966,,,,,,http://www.ddbj.nig.ac.jp/whatsnew/wn16051203-j.html,,
菌類,キクラゲ,東アジア,https://ja.wikipedia.org/wiki/キクラゲ,Auricularia auricula-judae,,43.5Mb,,,WGS,,中国,2017,,,,,29892,,,,,,https://www.ncbi.nlm.nih.gov/nuccore/NCVV00000000.1,,
菌類,ヒラタケ,（全世界？）,https://ja.wikipedia.org/wiki/ヒラタケ,Pleurotus ostreatus,,34.3Mb,,12460,,,,2014,,https://www.ncbi.nlm.nih.gov/pmc/articles/PMC4103376/,,,5322,,,,,,https://genome.jgi.doe.gov/PleosPC15_2/PleosPC15_2.home.html,,
菌類,トキイロヒラタケ,（全世界？）,,Pleurotus salmoneostramineus,pink oyster mushroom,,,,,,近畿大学,2016,,,,,64638,,,,,,http://www.ddbj.nig.ac.jp/whatsnew/wn16081003-j.html,,https://food.slowcat.net/Food/Page/mushrooms/oyster-mushroom/pink-oyster-mushroom
菌類,ハナビラタケ,（全世界？）,https://ja.wikipedia.org/wiki/ハナビラタケ,Sparassis crispa,cauliflower mushroom,39Mb,,13157,,,東京女子医科大学,2018,Scientific Reports,https://www.nature.com/articles/s41598-018-34415-6,Genome sequence of the cauliflower mushroom Sparassis crispa (Hanabiratake) and its association with beneficial usage,30375506,139825,,,,,,https://www.kyusan-u.ac.jp/faculty/seimei/news/newsreleasehanabiratake1031/,,https://www.ddbj.nig.ac.jp/news/ja/181109.html
その他,コーヒー,エチオピア（アラビカ種）・西アフリカ（リベリカ種）,https://ja.wikipedia.org/wiki/コーヒー,Coffea canephora,coffee,710Mb,,25574,,,,2014,Science,http://science.sciencemag.org/content/345/6201/1181.full,The coffee genome provides insight into the convergent evolution of caffeine biosynthesis,25190796,49390,,N/A,http://kanaya.naist.jp/knapsack_jsp/result.jsp?sname=organism&word=Coffea%20canephora,N/A,,"http://www.iadb.org/en/news/news-releases/2014-09-11/arabica-coffee-genome-sequence-is-in-the-public-domain,10908.html",,
その他,茶,中国,https://ja.wikipedia.org/wiki/茶,Camellia sinensis,tea,3.02Gb,,36951,genome,,中国,2017,Molecular Plant,http://www.cell.com/molecular-plant/abstract/S1674-2052(17)30103-X,,28473262,4442,,,,,,,,
その他,カカオ,中央アメリカ・南アメリカ,https://ja.wikipedia.org/wiki/カカオ,Theobroma cacao,cacao,430Mb,,28798,,,,2011,Nat Genet,https://www.ncbi.nlm.nih.gov/pubmed/21186351,The genome of Theobroma cacao,21186351,3641,,http://togogenome.org/organism/3641,http://kanaya.naist.jp/knapsack_jsp/result.jsp?sname=organism&word=Theobroma%20cacao,http://kanaya.naist.jp/LunchBox/list.jsp?lword=Theobroma%20cacao,,,,
その他,バニラ,メキシコ・中央アメリカ,https://ja.wikipedia.org/wiki/バニラ,Vanilla planifolia,vanilla,2.2Gb,,,,,,2019,Scientific Reports,https://www.nature.com/articles/s41598-019-40144-1,Genomics-based diversity analysis of Vanilla species using a Vanilla planifolia draft genome and Genotyping-By-Sequencing,30833623,51239,,,,,,,,
その他,シナモン,インド・スリランカ・バングラデシュ・ミャンマー,https://ja.wikipedia.org/wiki/シナモン,Cinnamomum,cinnamon,730.7Mb,,27899,,,,2019,Nature Plants,https://www.nature.com/articles/s41477-018-0337-0,Stout camphor tree genome fills gaps in understanding of flowering plant genome evolution,30626928,13428,,,,,,,,
その他,フェンネル,地中海沿岸,https://ja.wikipedia.org/wiki/ウイキョウ,Foeniculum vulgare,fennel,,,,draft,,,2018,Molecular Breeding,https://link.springer.com/article/10.1007/s11032-018-0884-0,First draft genome sequencing of fennel (Foeniculum vulgare Mill.): identification of simple sequence repeats and their application in marker-assisted breeding,,48038,,,,,,,,
その他,ポピーシード（ケシ）,地中海地方または東ヨーロッパ,https://ja.wikipedia.org/wiki/ケシ,Papaver somniferum,opium poppy,2.72Gb,11chr,,draft,,,2018,Science,https://science.sciencemag.org/content/362/6412/343.long,The opium poppy genome and morphinan production,30166436,3469,,,,,,,,
その他,イチョウ (銀杏),中国,https://ja.wikipedia.org/wiki/イチョウ,Ginkgo biloba,ginkgo,10.61Gb,,41840,,,,2016,GigaScience,http://gigascience.biomedcentral.com/articles/10.1186/s13742-016-0154-1,Draft genome of the living fossil Ginkgo biloba,27871309,3311,,N/A,http://kanaya.naist.jp/knapsack_jsp/result.jsp?sname=organism&word=Ginkgo%20biloba,N/A,,,,全ゲノム重複 WGD が少なくとも2回おこり、long terminal repeat retrotransposons (LTR-RTs) などのリピート配列が全体の 76.58%
その他,テンサイ (砂糖),地中海沿岸,https://ja.wikipedia.org/wiki/テンサイ,Beta vulgaris,sugar beet,714Mb,,27421,,,,2014,Nature,https://www.ncbi.nlm.nih.gov/pubmed/24352233,The genome of the recently domesticated crop plant sugar beet (Beta vulgaris),24352233,161934,,N/A,http://kanaya.naist.jp/knapsack_jsp/result.jsp?sname=organism&word=Beta%20vulgaris,http://kanaya.naist.jp/LunchBox/list.jsp?lword=Beta%20vulgaris,,,,
その他,オリーブ (オリーブ油),地中海沿岸,https://ja.wikipedia.org/wiki/オリーブ,Olea europaea subsp. europaea,olive,1.31Gb,,56000,95%,,スペイン･バルセロナ科学技術研究所,2016,GigaScience,http://gigascience.biomedcentral.com/articles/10.1186/s13742-016-0134-5,"Genome sequence of the olive tree, Olea europaea",27346392,158383,http://www.oleagenome.org/,N/A,http://kanaya.naist.jp/knapsack_jsp/result.jsp?sname=organism&word=Olea%20europaea,http://kanaya.naist.jp/LunchBox/list.jsp?lword=Olea%20europaea,,,,
その他,セイヨウアブラナ (菜種油),北ヨーロッパ,https://ja.wikipedia.org/wiki/セイヨウアブラナ,Brassica napus,rape,1.13Gb,2n=38,91167,79%,,BGI,2014,Science,http://science.sciencemag.org/content/345/6199/950.full,Early allopolyploid evolution in the post-Neolithic Brassica napus oilseed genome,25146293,3708,,N/A,http://kanaya.naist.jp/knapsack_jsp/result.jsp?sname=organism&word=Brassica%20napus,N/A,,,,
その他,アブラヤシ (パーム油),西アフリカ（アンゴラ・ガンビア）,https://ja.wikipedia.org/wiki/アブラヤシ,Elaeis guineensis,African oil palm,1.8Gb,,34802,,,,2013,Nature,https://www.ncbi.nlm.nih.gov/pubmed/23883927,Oil palm genome sequence reveals divergence of interfertile species in Old and New worlds,23883927,51953,,http://togogenome.org/organism/51953,http://kanaya.naist.jp/knapsack_jsp/result.jsp?sname=organism&word=Elaeis%20guineensis,N/A,,,,
その他,ホップ (ビール用),カフカス,https://ja.wikipedia.org/wiki/ホップ,Humulus lupulus,hop,2.57Gb,,41228,80%,,サントリー,2015,Plant Cell Physiol,https://www.ncbi.nlm.nih.gov/pubmed/25416290,"The Draft Genome of Hop (Humulus lupulus), an Essence for Brewing",25416290,3486,,N/A,http://kanaya.naist.jp/knapsack_jsp/result.jsp?sname=organism&word=Humulus%20lupulus,http://kanaya.naist.jp/LunchBox/list.jsp?lword=Humulus%20lupulus,,http://www.ddbj.nig.ac.jp/whatsnew/wn1412162-j.html,,
その他,ヨーロッパブドウ (ワイン用),南西アジア・地中海・中央ヨーロッパ・モロッコ・ポルトガル・ドイツ・イラン,https://ja.wikipedia.org/wiki/ヨーロッパブドウ,Vitis vinifera,wine grape,475Mb,,30434,,,,2007,Nature,https://www.ncbi.nlm.nih.gov/pubmed/17721507,The grapevine genome sequence suggests ancestral hexaploidization in major angiosperm phyla,17721507,29760,,http://togogenome.org/organism/29760,http://kanaya.naist.jp/knapsack_jsp/result.jsp?sname=organism&word=Vitis%20vinifera,http://kanaya.naist.jp/LunchBox/list.jsp?lword=Vitis%20vinifera,,http://www.ddbj.nig.ac.jp/whatsnew/wn170626-j.html,タンニン,
その他,ニホンミツバチ（蜂蜜）,アジア,https://ja.wikipedia.org/wiki/ミツバチ,Apis cerana japonica,,,,,,,農業・食品産業技術総合研究機構,2017,,,,,292787,,,,,,http://www.ddbj.nig.ac.jp/whatsnew/wn170710-j.html,,
その他,チベットの薬草,（チベット？）,,Rhodiola crenulata,Tibetan medicinal herb,344.5Mb,,31517,,,,2017,Gigascience,https://www.ncbi.nlm.nih.gov/pubmed/28475810,Draft genome sequence of the Tibetan medicinal herb Rhodiola crenulata,28475810,242839,,,,,,,,
その他,酵母,（全世界）,,Saccharomyces cerevisiae,budding yeast,12Mb,16,5885,,,,1996,Science,https://www.ncbi.nlm.nih.gov/pubmed/8849441,Life with 6000 genes,8849441,4932,,http://togogenome.org/organism/559292,http://kanaya.naist.jp/knapsack_jsp/result.jsp?sname=organism&word=Saccharomyces%20cerevisiae,N/A,,,,
その他,麹,東アジア,,Aspergillus oryzae,,37Mb,8,12074,,,産総研,2005,Nature,https://www.ncbi.nlm.nih.gov/pubmed/16372010,Genome sequencing and analysis of Aspergillus oryzae,16372010,5062,,N/A,http://kanaya.naist.jp/knapsack_jsp/result.jsp?sname=organism&word=Aspergillus%20oryzae,N/A,,,,
その他,乳酸菌,（全世界）,,Lactobacillus (多数),,,原核,,,,,2003,,,,,1578,,,,,,,,
その他,酢酸菌,（全世界）,,Acetobacter (多数),,,原核,,,,,2009,,,,,434,,,,,,,,
その他,納豆菌,（日本）,,Bacillus subtilis var. natto,,,原核,,,,,2013,,,,,86029,,,,,,,,
その他,コリネ菌,,,Corynebacterium glutamicum,,,原核,,,,,2002,,,,,1718,,,,,,,,コリネ型細菌の一種であるCorynebacterium glutamicumは昆布だしのうまみ成分であるグルタミン酸を生産する微生物であり、現在ではそのほかのアミノ酸や有機酸の生産に用いられています。http://www-shimizu.ist.osaka-u.ac.jp/hp/research/research07.html
その他,白カビ,,,Penicillium camemberti,,,可変,,,,,2014,Nat Commun,https://www.ncbi.nlm.nih.gov/pmc/articles/PMC3896755/,Multiple recent horizontal transfers of a large genomic region in cheese making fungi,24407037,5075,,,,,,,,
その他,青カビ,,,Penicillium roqueforti,,,可変,,,,,2014,Nat Commun,https://www.ncbi.nlm.nih.gov/pmc/articles/PMC3896755/,Multiple recent horizontal transfers of a large genomic region in cheese making fungi,24407037,5082,,,,,,,,
